{
    "kim": 5.344277858734131,
    "lee": 4.772991418838501,
    "park": 6.544305324554443
}